INSERT INTO "FLY_HFJ_MIGRATION" (installed_rank, version, description, type, script, checksum, installed_by, installed_on, execution_time, success) VALUES (397, '5.1.0.20200727.1', 'Add column TARGET_TYPE on table MPI_LINK', 'JDBC', 'ca.uhn.fhir.jpa.migrate.FlywayMigrationTask', -1401374708, 'V5_1_0', '2023-05-01 15:22:10.698149', 0, true);
INSERT INTO "FLY_HFJ_MIGRATION" (installed_rank, version, description, type, script, checksum, installed_by, installed_on, execution_time, success) VALUES (364, '5.1.0.20200610.1', 'Add id generator SEQ_NPM_PACK', 'JDBC', 'ca.uhn.fhir.jpa.migrate.FlywayMigrationTask', -1473104510, 'V5_1_0', '2023-05-01 15:22:10.540122', 0, true);
INSERT INTO "FLY_HFJ_MIGRATION" (installed_rank, version, description, type, script, checksum, installed_by, installed_on, execution_time, success) VALUES (365, '5.1.0.20200610.2', 'Add table NPM_PACKAGE', 'JDBC', 'ca.uhn.fhir.jpa.migrate.FlywayMigrationTask', 474870847, 'V5_1_0', '2023-05-01 15:22:10.5429', 0, true);
INSERT INTO "FLY_HFJ_MIGRATION" (installed_rank, version, description, type, script, checksum, installed_by, installed_on, execution_time, success) VALUES (366, '5.1.0.20200610.3', 'Add IDX_PACK_ID index to table NPM_PACKAGE', 'JDBC', 'ca.uhn.fhir.jpa.migrate.FlywayMigrationTask', 1365159328, 'V5_1_0', '2023-05-01 15:22:10.545683', 0, true);
INSERT INTO "FLY_HFJ_MIGRATION" (installed_rank, version, description, type, script, checksum, installed_by, installed_on, execution_time, success) VALUES (367, '5.1.0.20200610.4', 'Add id generator SEQ_NPM_PACKVER', 'JDBC', 'ca.uhn.fhir.jpa.migrate.FlywayMigrationTask', 700720075, 'V5_1_0', '2023-05-01 15:22:10.54841', 0, true);
INSERT INTO "FLY_HFJ_MIGRATION" (installed_rank, version, description, type, script, checksum, installed_by, installed_on, execution_time, success) VALUES (368, '5.1.0.20200610.5', 'Add table NPM_PACKAGE_VER', 'JDBC', 'ca.uhn.fhir.jpa.migrate.FlywayMigrationTask', 1966212459, 'V5_1_0', '2023-05-01 15:22:10.552204', 0, true);
INSERT INTO "FLY_HFJ_MIGRATION" (installed_rank, version, description, type, script, checksum, installed_by, installed_on, execution_time, success) VALUES (369, '5.1.0.20200610.6', 'Add foreign key FK_NPM_PKV_PKG from column PACKAGE_PID of table NPM_PACKAGE_VER to column PID of table NPM_PACKAGE', 'JDBC', 'ca.uhn.fhir.jpa.migrate.FlywayMigrationTask', 892859860, 'V5_1_0', '2023-05-01 15:22:10.55546', 0, true);
INSERT INTO "FLY_HFJ_MIGRATION" (installed_rank, version, description, type, script, checksum, installed_by, installed_on, execution_time, success) VALUES (370, '5.1.0.20200610.7', 'Add foreign key FK_NPM_PKV_RESID from column BINARY_RES_ID of table NPM_PACKAGE_VER to column RES_ID of table HFJ_RESOURCE', 'JDBC', 'ca.uhn.fhir.jpa.migrate.FlywayMigrationTask', -1848926701, 'V5_1_0', '2023-05-01 15:22:10.558435', 0, true);
INSERT INTO "FLY_HFJ_MIGRATION" (installed_rank, version, description, type, script, checksum, installed_by, installed_on, execution_time, success) VALUES (371, '5.1.0.20200610.8', 'Add IDX_PACKVER index to table NPM_PACKAGE_VER', 'JDBC', 'ca.uhn.fhir.jpa.migrate.FlywayMigrationTask', -877809247, 'V5_1_0', '2023-05-01 15:22:10.561099', 0, true);
INSERT INTO "FLY_HFJ_MIGRATION" (installed_rank, version, description, type, script, checksum, installed_by, installed_on, execution_time, success) VALUES (372, '5.1.0.20200610.9', 'Add id generator SEQ_NPM_PACKVERRES', 'JDBC', 'ca.uhn.fhir.jpa.migrate.FlywayMigrationTask', 1592038879, 'V5_1_0', '2023-05-01 15:22:10.563732', 0, true);
INSERT INTO "FLY_HFJ_MIGRATION" (installed_rank, version, description, type, script, checksum, installed_by, installed_on, execution_time, success) VALUES (373, '5.1.0.20200610.10', 'Add table NPM_PACKAGE_VER_RES', 'JDBC', 'ca.uhn.fhir.jpa.migrate.FlywayMigrationTask', -284186771, 'V5_1_0', '2023-05-01 15:22:10.567316', 0, true);
INSERT INTO "FLY_HFJ_MIGRATION" (installed_rank, version, description, type, script, checksum, installed_by, installed_on, execution_time, success) VALUES (374, '5.1.0.20200610.11', 'Add foreign key FK_NPM_PACKVERRES_PACKVER from column PACKVER_PID of table NPM_PACKAGE_VER_RES to column PID of table NPM_PACKAGE_VER', 'JDBC', 'ca.uhn.fhir.jpa.migrate.FlywayMigrationTask', 1416719386, 'V5_1_0', '2023-05-01 15:22:10.570954', 0, true);
INSERT INTO "FLY_HFJ_MIGRATION" (installed_rank, version, description, type, script, checksum, installed_by, installed_on, execution_time, success) VALUES (375, '5.1.0.20200610.12', 'Add foreign key FK_NPM_PKVR_RESID from column BINARY_RES_ID of table NPM_PACKAGE_VER_RES to column RES_ID of table HFJ_RESOURCE', 'JDBC', 'ca.uhn.fhir.jpa.migrate.FlywayMigrationTask', -1714853796, 'V5_1_0', '2023-05-01 15:22:10.574972', 0, true);
INSERT INTO "FLY_HFJ_MIGRATION" (installed_rank, version, description, type, script, checksum, installed_by, installed_on, execution_time, success) VALUES (376, '5.1.0.20200610.13', 'Add IDX_PACKVERRES_URL index to table NPM_PACKAGE_VER_RES', 'JDBC', 'ca.uhn.fhir.jpa.migrate.FlywayMigrationTask', -338192664, 'V5_1_0', '2023-05-01 15:22:10.577761', 0, true);
INSERT INTO "FLY_HFJ_MIGRATION" (installed_rank, version, description, type, script, checksum, installed_by, installed_on, execution_time, success) VALUES (377, '5.1.0.20200610.14', 'Initialize schema for Spring Batch', 'JDBC', 'ca.uhn.fhir.jpa.migrate.FlywayMigrationTask', 1067435593, 'V5_1_0', '2023-05-01 15:22:10.63211', 51, true);
INSERT INTO "FLY_HFJ_MIGRATION" (installed_rank, version, description, type, script, checksum, installed_by, installed_on, execution_time, success) VALUES (378, '5.1.0.20200629.1', 'Modify column PKG_DESC on table NPM_PACKAGE_VER', 'JDBC', 'ca.uhn.fhir.jpa.migrate.FlywayMigrationTask', -803818357, 'V5_1_0', '2023-05-01 15:22:10.63574', 0, true);
INSERT INTO "FLY_HFJ_MIGRATION" (installed_rank, version, description, type, script, checksum, installed_by, installed_on, execution_time, success) VALUES (379, '5.1.0.20200629.2', 'Modify column DESC_UPPER on table NPM_PACKAGE_VER', 'JDBC', 'ca.uhn.fhir.jpa.migrate.FlywayMigrationTask', -1473337765, 'V5_1_0', '2023-05-01 15:22:10.64259', 4, true);
INSERT INTO "FLY_HFJ_MIGRATION" (installed_rank, version, description, type, script, checksum, installed_by, installed_on, execution_time, success) VALUES (380, '5.1.0.20200706.1', 'Drop index IDX_CDH_LB_REF_LB_RL_TR_RS from table CDH_LB_REF', 'JDBC', 'ca.uhn.fhir.jpa.migrate.FlywayMigrationTask', -1556174690, 'V5_1_0', '2023-05-01 15:22:10.645688', 0, true);
INSERT INTO "FLY_HFJ_MIGRATION" (installed_rank, version, description, type, script, checksum, installed_by, installed_on, execution_time, success) VALUES (381, '5.1.0.20200706.2', 'Drop index IDX_CDH_LB_REF_RULE_TRACK from table CDH_LB_REF', 'JDBC', 'ca.uhn.fhir.jpa.migrate.FlywayMigrationTask', -1178921194, 'V5_1_0', '2023-05-01 15:22:10.648697', 0, true);
INSERT INTO "FLY_HFJ_MIGRATION" (installed_rank, version, description, type, script, checksum, installed_by, installed_on, execution_time, success) VALUES (382, '5.1.0.20200706.3', 'Add IDX_CDH_LB_REF_UNIQ index to table CDH_LB_REF', 'JDBC', 'ca.uhn.fhir.jpa.migrate.FlywayMigrationTask', -1736277415, 'V5_1_0', '2023-05-01 15:22:10.652629', 1, true);
INSERT INTO "FLY_HFJ_MIGRATION" (installed_rank, version, description, type, script, checksum, installed_by, installed_on, execution_time, success) VALUES (383, '5.1.0.20200706.4', 'Drop column TRACK_RES_ID from table CDH_LB_REF', 'JDBC', 'ca.uhn.fhir.jpa.migrate.FlywayMigrationTask', 266520801, 'V5_1_0', '2023-05-01 15:22:10.65543', 0, true);
INSERT INTO "FLY_HFJ_MIGRATION" (installed_rank, version, description, type, script, checksum, installed_by, installed_on, execution_time, success) VALUES (384, '5.1.0.20200714.1', 'Execute raw sql', 'JDBC', 'ca.uhn.fhir.jpa.migrate.FlywayMigrationTask', 1482239257, 'V5_1_0', '2023-05-01 15:22:10.657829', 0, true);
INSERT INTO "FLY_HFJ_MIGRATION" (installed_rank, version, description, type, script, checksum, installed_by, installed_on, execution_time, success) VALUES (385, '5.1.0.20200714.2', 'Execute raw sql', 'JDBC', 'ca.uhn.fhir.jpa.migrate.FlywayMigrationTask', 512672670, 'V5_1_0', '2023-05-01 15:22:10.660545', 0, true);
INSERT INTO "FLY_HFJ_MIGRATION" (installed_rank, version, description, type, script, checksum, installed_by, installed_on, execution_time, success) VALUES (386, '5.1.0.20200714.3', 'Execute raw sql', 'JDBC', 'ca.uhn.fhir.jpa.migrate.FlywayMigrationTask', 512672670, 'V5_1_0', '2023-05-01 15:22:10.663494', 0, true);
INSERT INTO "FLY_HFJ_MIGRATION" (installed_rank, version, description, type, script, checksum, installed_by, installed_on, execution_time, success) VALUES (387, '5.1.0.20200714.4', 'Execute raw sql', 'JDBC', 'ca.uhn.fhir.jpa.migrate.FlywayMigrationTask', 619716561, 'V5_1_0', '2023-05-01 15:22:10.667511', 1, true);
INSERT INTO "FLY_HFJ_MIGRATION" (installed_rank, version, description, type, script, checksum, installed_by, installed_on, execution_time, success) VALUES (388, '5.1.0.20200714.5', 'Execute raw sql', 'JDBC', 'ca.uhn.fhir.jpa.migrate.FlywayMigrationTask', 619716561, 'V5_1_0', '2023-05-01 15:22:10.670959', 0, true);
INSERT INTO "FLY_HFJ_MIGRATION" (installed_rank, version, description, type, script, checksum, installed_by, installed_on, execution_time, success) VALUES (389, '5.1.0.20200715.1', 'Add column VERSION on table MPI_LINK', 'JDBC', 'ca.uhn.fhir.jpa.migrate.FlywayMigrationTask', -1173572574, 'V5_1_0', '2023-05-01 15:22:10.673765', 0, true);
INSERT INTO "FLY_HFJ_MIGRATION" (installed_rank, version, description, type, script, checksum, installed_by, installed_on, execution_time, success) VALUES (390, '5.1.0.20200715.2', 'Add column EID_MATCH on table MPI_LINK', 'JDBC', 'ca.uhn.fhir.jpa.migrate.FlywayMigrationTask', 1845176617, 'V5_1_0', '2023-05-01 15:22:10.676555', 0, true);
INSERT INTO "FLY_HFJ_MIGRATION" (installed_rank, version, description, type, script, checksum, installed_by, installed_on, execution_time, success) VALUES (391, '5.1.0.20200715.3', 'Add column NEW_PERSON on table MPI_LINK', 'JDBC', 'ca.uhn.fhir.jpa.migrate.FlywayMigrationTask', 797807839, 'V5_1_0', '2023-05-01 15:22:10.679414', 0, true);
INSERT INTO "FLY_HFJ_MIGRATION" (installed_rank, version, description, type, script, checksum, installed_by, installed_on, execution_time, success) VALUES (392, '5.1.0.20200715.4', 'Add column VECTOR on table MPI_LINK', 'JDBC', 'ca.uhn.fhir.jpa.migrate.FlywayMigrationTask', 1366439014, 'V5_1_0', '2023-05-01 15:22:10.682043', 0, true);
INSERT INTO "FLY_HFJ_MIGRATION" (installed_rank, version, description, type, script, checksum, installed_by, installed_on, execution_time, success) VALUES (393, '5.1.0.20200715.5', 'Add column SCORE on table MPI_LINK', 'JDBC', 'ca.uhn.fhir.jpa.migrate.FlywayMigrationTask', 1365985977, 'V5_1_0', '2023-05-01 15:22:10.684511', 0, true);
INSERT INTO "FLY_HFJ_MIGRATION" (installed_rank, version, description, type, script, checksum, installed_by, installed_on, execution_time, success) VALUES (394, '5.1.0.20200725.1', 'Drop index IDX_CDH_LB_REF_LB_RL_TR_RS from table CDH_LB_REF', 'JDBC', 'ca.uhn.fhir.jpa.migrate.FlywayMigrationTask', -1556174690, 'V5_1_0', '2023-05-01 15:22:10.688038', 1, true);
INSERT INTO "FLY_HFJ_MIGRATION" (installed_rank, version, description, type, script, checksum, installed_by, installed_on, execution_time, success) VALUES (395, '5.1.0.20200725.2', 'Drop index IDX_CDH_LB_REF_RULE_TRACK from table CDH_LB_REF', 'JDBC', 'ca.uhn.fhir.jpa.migrate.FlywayMigrationTask', -1178921194, 'V5_1_0', '2023-05-01 15:22:10.691919', 0, true);
INSERT INTO "FLY_HFJ_MIGRATION" (installed_rank, version, description, type, script, checksum, installed_by, installed_on, execution_time, success) VALUES (396, '5.1.0.20200725.3', 'Drop column TRACK_RES_ID from table CDH_LB_REF', 'JDBC', 'ca.uhn.fhir.jpa.migrate.FlywayMigrationTask', 266520801, 'V5_1_0', '2023-05-01 15:22:10.695293', 0, true);
INSERT INTO "FLY_HFJ_MIGRATION" (installed_rank, version, description, type, script, checksum, installed_by, installed_on, execution_time, success) VALUES (397, '5.1.0.20200727.1', 'Add column TARGET_TYPE on table MPI_LINK', 'JDBC', 'ca.uhn.fhir.jpa.migrate.FlywayMigrationTask', -1401374708, 'V5_1_0', '2023-05-01 15:22:10.698149', 0, true);
INSERT INTO HFJ_RESOURCE (RES_ID, PARTITION_DATE, PARTITION_ID, RES_DELETED_AT, RES_VERSION, HAS_TAGS, RES_PUBLISHED, RES_UPDATED, SP_HAS_LINKS, HASH_SHA256, SP_INDEX_STATUS, RES_LANGUAGE, SP_CMPSTR_UNIQ_PRESENT, SP_COORDS_PRESENT, SP_DATE_PRESENT, SP_NUMBER_PRESENT, SP_QUANTITY_PRESENT, SP_STRING_PRESENT, SP_TOKEN_PRESENT, SP_URI_PRESENT, RES_TYPE, RES_VER) VALUES (1, NULL, NULL, NULL, 'R4', FALSE, '2023-05-01 15:22:37.199', '2023-05-01 15:22:37.199', FALSE, '2BE97F87D5DBFE6E3CE23AEAAEAC894544A0D1535984EF967F45ADF75551A398', 1, NULL, FALSE, FALSE, FALSE, FALSE, FALSE, FALSE, FALSE, FALSE, 'BINARY', 1);
INSERT INTO HFJ_RESOURCE (RES_ID, PARTITION_DATE, PARTITION_ID, RES_DELETED_AT, RES_VERSION, HAS_TAGS, RES_PUBLISHED, RES_UPDATED, SP_HAS_LINKS, HASH_SHA256, SP_INDEX_STATUS, RES_LANGUAGE, SP_CMPSTR_UNIQ_PRESENT, SP_COORDS_PRESENT, SP_DATE_PRESENT, SP_NUMBER_PRESENT, SP_QUANTITY_PRESENT, SP_STRING_PRESENT, SP_TOKEN_PRESENT, SP_URI_PRESENT, RES_TYPE, RES_VER) VALUES (2, NULL, NULL, NULL, 'R4', FALSE, '2023-05-01 15:22:38.041', '2023-05-01 15:22:38.041', FALSE, '60E942A799928FFDC614A57C4EC568E451E74BFAFB4FB7598059128720A3DF8C', 1, NULL, FALSE, FALSE, FALSE, FALSE, FALSE, FALSE, FALSE, FALSE, 'BINARY', 1);
INSERT INTO HFJ_RESOURCE (RES_ID, PARTITION_DATE, PARTITION_ID, RES_DELETED_AT, RES_VERSION, HAS_TAGS, RES_PUBLISHED, RES_UPDATED, SP_HAS_LINKS, HASH_SHA256, SP_INDEX_STATUS, RES_LANGUAGE, SP_CMPSTR_UNIQ_PRESENT, SP_COORDS_PRESENT, SP_DATE_PRESENT, SP_NUMBER_PRESENT, SP_QUANTITY_PRESENT, SP_STRING_PRESENT, SP_TOKEN_PRESENT, SP_URI_PRESENT, RES_TYPE, RES_VER) VALUES (1800, NULL, NULL, NULL, 'R4', FALSE, '2023-05-01 15:34:17.768', '2023-05-01 15:34:17.768', TRUE, '848EAEF4BB95A03AF3DB18B0AFCE12FF5A4783AC57B47EB56628C0AEF8A0E50D', 2, NULL, FALSE, FALSE, FALSE, FALSE, FALSE, FALSE, FALSE, FALSE, 'ENCOUNTER', 1);
INSERT INTO HFJ_RESOURCE (RES_ID, PARTITION_DATE, PARTITION_ID, RES_DELETED_AT, RES_VERSION, HAS_TAGS, RES_PUBLISHED, RES_UPDATED, SP_HAS_LINKS, HASH_SHA256, SP_INDEX_STATUS, RES_LANGUAGE, SP_CMPSTR_UNIQ_PRESENT, SP_COORDS_PRESENT, SP_DATE_PRESENT, SP_NUMBER_PRESENT, SP_QUANTITY_PRESENT, SP_STRING_PRESENT, SP_TOKEN_PRESENT, SP_URI_PRESENT, RES_TYPE, RES_VER) VALUES (1628, NULL, NULL, NULL, 'R4', FALSE, '2023-05-01 15:24:16.677', '2023-05-01 15:24:16.677', FALSE, '235856CCE7498130A2D32612EA96AA94E8AC1F044EFD8C0641C48300BFB224A6', 1, NULL, FALSE, FALSE, TRUE, FALSE, FALSE, TRUE, TRUE, FALSE, 'PATIENT', 1);
INSERT INTO HFJ_RESOURCE (RES_ID, PARTITION_DATE, PARTITION_ID, RES_DELETED_AT, RES_VERSION, HAS_TAGS, RES_PUBLISHED, RES_UPDATED, SP_HAS_LINKS, HASH_SHA256, SP_INDEX_STATUS, RES_LANGUAGE, SP_CMPSTR_UNIQ_PRESENT, SP_COORDS_PRESENT, SP_DATE_PRESENT, SP_NUMBER_PRESENT, SP_QUANTITY_PRESENT, SP_STRING_PRESENT, SP_TOKEN_PRESENT, SP_URI_PRESENT, RES_TYPE, RES_VER) VALUES (2003, NULL, NULL, NULL, 'R4', FALSE, '2023-05-01 16:15:16.426', '2023-05-01 16:15:16.426', FALSE, 'A8635B9998B72935998B1108751B9EE5031171B7F30BF980AAFCD8DE93CB0754', 1, NULL, FALSE, FALSE, FALSE, FALSE, FALSE, TRUE, TRUE, FALSE, 'BINARY', 1);
INSERT INTO HFJ_RESOURCE (RES_ID, PARTITION_DATE, PARTITION_ID, RES_DELETED_AT, RES_VERSION, HAS_TAGS, RES_PUBLISHED, RES_UPDATED, SP_HAS_LINKS, HASH_SHA256, SP_INDEX_STATUS, RES_LANGUAGE, SP_CMPSTR_UNIQ_PRESENT, SP_COORDS_PRESENT, SP_DATE_PRESENT, SP_NUMBER_PRESENT, SP_QUANTITY_PRESENT, SP_STRING_PRESENT, SP_TOKEN_PRESENT, SP_URI_PRESENT, RES_TYPE, RES_VER) VALUES (4, NULL, NULL, NULL, 'R4', FALSE, '2023-05-01 15:22:38.624', '2023-05-01 15:22:38.624', FALSE, '10073D6ACF744382DDEB497ED958BDDEB16DE33B4B8459B38533CB8251518CD0', 1, NULL, FALSE, FALSE, FALSE, FALSE, FALSE, TRUE, TRUE, FALSE, 'SEARCHPARAMETER', 1);
INSERT INTO HFJ_RESOURCE (RES_ID, PARTITION_DATE, PARTITION_ID, RES_DELETED_AT, RES_VERSION, HAS_TAGS, RES_PUBLISHED, RES_UPDATED, SP_HAS_LINKS, HASH_SHA256, SP_INDEX_STATUS, RES_LANGUAGE, SP_CMPSTR_UNIQ_PRESENT, SP_COORDS_PRESENT, SP_DATE_PRESENT, SP_NUMBER_PRESENT, SP_QUANTITY_PRESENT, SP_STRING_PRESENT, SP_TOKEN_PRESENT, SP_URI_PRESENT, RES_TYPE, RES_VER) VALUES (1803, NULL, NULL, NULL, 'R4', TRUE, '2023-05-01 15:39:22.913', '2023-05-01 15:39:22.913', FALSE, 'D0C0CA68B6ECD0443BF2B1C3A86AA772E6A7C6E53623083D29B894D7E9F38AD1', 1, NULL, FALSE, FALSE, FALSE, FALSE, FALSE, TRUE, TRUE, TRUE, 'SUBSCRIPTION', 1);
INSERT INTO HFJ_RESOURCE (RES_ID, PARTITION_DATE, PARTITION_ID, RES_DELETED_AT, RES_VERSION, HAS_TAGS, RES_PUBLISHED, RES_UPDATED, SP_HAS_LINKS, HASH_SHA256, SP_INDEX_STATUS, RES_LANGUAGE, SP_CMPSTR_UNIQ_PRESENT, SP_COORDS_PRESENT, SP_DATE_PRESENT, SP_NUMBER_PRESENT, SP_QUANTITY_PRESENT, SP_STRING_PRESENT, SP_TOKEN_PRESENT, SP_URI_PRESENT, RES_TYPE, RES_VER) VALUES (1631, NULL, NULL, NULL, 'R4', FALSE, '2023-05-01 15:24:16.677', '2023-05-01 15:24:16.677', TRUE, '6835244142F7013573CB5C21E7CEB19805C0090DC279BD84D455AA3931C0F944', 1, NULL, TRUE, FALSE, TRUE, FALSE, FALSE, TRUE, TRUE, FALSE, 'ENCOUNTER', 1);
INSERT INTO HFJ_RESOURCE (RES_ID, PARTITION_DATE, PARTITION_ID, RES_DELETED_AT, RES_VERSION, HAS_TAGS, RES_PUBLISHED, RES_UPDATED, SP_HAS_LINKS, HASH_SHA256, SP_INDEX_STATUS, RES_LANGUAGE, SP_CMPSTR_UNIQ_PRESENT, SP_COORDS_PRESENT, SP_DATE_PRESENT, SP_NUMBER_PRESENT, SP_QUANTITY_PRESENT, SP_STRING_PRESENT, SP_TOKEN_PRESENT, SP_URI_PRESENT, RES_TYPE, RES_VER) VALUES (2029, NULL, NULL, NULL, 'R4', FALSE, '2023-05-01 17:01:12.921', '2023-05-01 17:01:12.921', TRUE, '5968F0BC163133CB85559A9DF002D6FEFF1D8C14A0A5D278D5EB078EC739E454', 1, NULL, FALSE, FALSE, TRUE, TRUE, FALSE, TRUE, TRUE, FALSE, 'RISKASSESSMENT', 1);
INSERT INTO HFJ_RESOURCE (RES_ID, PARTITION_DATE, PARTITION_ID, RES_DELETED_AT, RES_VERSION, HAS_TAGS, RES_PUBLISHED, RES_UPDATED, SP_HAS_LINKS, HASH_SHA256, SP_INDEX_STATUS, RES_LANGUAGE, SP_CMPSTR_UNIQ_PRESENT, SP_COORDS_PRESENT, SP_DATE_PRESENT, SP_NUMBER_PRESENT, SP_QUANTITY_PRESENT, SP_STRING_PRESENT, SP_TOKEN_PRESENT, SP_URI_PRESENT, RES_TYPE, RES_VER) VALUES (1910, NULL, NULL, NULL, 'R4', FALSE, '2023-05-01 16:11:07.727', '2023-05-01 16:11:07.727', FALSE, 'FC013BA45C54D7EE2A74CEF41E144C744812E8CB0C3F8E512EA44C035D0FED74', 1, NULL, FALSE, TRUE, FALSE, FALSE, FALSE, FALSE, FALSE, FALSE, 'LOCATION', 1);
INSERT INTO HFJ_RESOURCE (RES_ID, PARTITION_DATE, PARTITION_ID, RES_DELETED_AT, RES_VERSION, HAS_TAGS, RES_PUBLISHED, RES_UPDATED, SP_HAS_LINKS, HASH_SHA256, SP_INDEX_STATUS, RES_LANGUAGE, SP_CMPSTR_UNIQ_PRESENT, SP_COORDS_PRESENT, SP_DATE_PRESENT, SP_NUMBER_PRESENT, SP_QUANTITY_PRESENT, SP_STRING_PRESENT, SP_TOKEN_PRESENT, SP_URI_PRESENT, RES_TYPE, RES_VER) VALUES (1905, NULL, NULL, NULL, 'R4', FALSE, '2023-05-01 15:54:03.963', '2023-05-01 15:54:03.963', FALSE, '1B640077D462678E19EC5EAB21FB7BFD7EA667CC4E37B2A2CD99E0BA07EFB2D4', 1, NULL, FALSE, FALSE, TRUE, FALSE, FALSE, TRUE, TRUE, FALSE, 'PATIENT', 1);
INSERT INTO HFJ_RESOURCE (RES_ID, PARTITION_DATE, PARTITION_ID, RES_DELETED_AT, RES_VERSION, HAS_TAGS, RES_PUBLISHED, RES_UPDATED, SP_HAS_LINKS, HASH_SHA256, SP_INDEX_STATUS, RES_LANGUAGE, SP_CMPSTR_UNIQ_PRESENT, SP_COORDS_PRESENT, SP_DATE_PRESENT, SP_NUMBER_PRESENT, SP_QUANTITY_PRESENT, SP_STRING_PRESENT, SP_TOKEN_PRESENT, SP_URI_PRESENT, RES_TYPE, RES_VER) VALUES (1906, NULL, NULL, NULL, 'R4', FALSE, '2023-05-01 15:54:05.296', '2023-05-01 15:54:05.296', FALSE, '1B640077D462678E19EC5EAB21FB7BFD7EA667CC4E37B2A2CD99E0BA07EFB2D4', 1, NULL, FALSE, FALSE, TRUE, FALSE, FALSE, TRUE, TRUE, FALSE, 'PATIENT', 1);
INSERT INTO HFJ_RESOURCE (RES_ID, PARTITION_DATE, PARTITION_ID, RES_DELETED_AT, RES_VERSION, HAS_TAGS, RES_PUBLISHED, RES_UPDATED, SP_HAS_LINKS, HASH_SHA256, SP_INDEX_STATUS, RES_LANGUAGE, SP_CMPSTR_UNIQ_PRESENT, SP_COORDS_PRESENT, SP_DATE_PRESENT, SP_NUMBER_PRESENT, SP_QUANTITY_PRESENT, SP_STRING_PRESENT, SP_TOKEN_PRESENT, SP_URI_PRESENT, RES_TYPE, RES_VER) VALUES (1780, NULL, NULL, NULL, 'R4', FALSE, '2023-05-01 15:26:08.82', '2023-05-01 15:26:08.82', FALSE, 'F30D68F5D00D440BD35E9CF7CCF1250234106A4B52AE016ACEE0F4291FB5AF5F', 1, NULL, FALSE, FALSE, FALSE, FALSE, FALSE, TRUE, TRUE, TRUE, 'CODESYSTEM', 1);
INSERT INTO HFJ_RESOURCE (RES_ID, PARTITION_DATE, PARTITION_ID, RES_DELETED_AT, RES_VERSION, HAS_TAGS, RES_PUBLISHED, RES_UPDATED, SP_HAS_LINKS, HASH_SHA256, SP_INDEX_STATUS, RES_LANGUAGE, SP_CMPSTR_UNIQ_PRESENT, SP_COORDS_PRESENT, SP_DATE_PRESENT, SP_NUMBER_PRESENT, SP_QUANTITY_PRESENT, SP_STRING_PRESENT, SP_TOKEN_PRESENT, SP_URI_PRESENT, RES_TYPE, RES_VER) VALUES (1788, NULL, NULL, NULL, 'R4', FALSE, '2023-05-01 15:26:12.178', '2023-05-01 15:26:12.178', FALSE, 'EDBD79B1632719D08AA733AF7F99DE17009D1CE4605F439B4F5BDAAC98AABDD8', 1, NULL, FALSE, FALSE, FALSE, FALSE, FALSE, TRUE, TRUE, TRUE, 'VALUESET', 1);
INSERT INTO HFJ_RESOURCE (RES_ID, PARTITION_DATE, PARTITION_ID, RES_DELETED_AT, RES_VERSION, HAS_TAGS, RES_PUBLISHED, RES_UPDATED, SP_HAS_LINKS, HASH_SHA256, SP_INDEX_STATUS, RES_LANGUAGE, SP_CMPSTR_UNIQ_PRESENT, SP_COORDS_PRESENT, SP_DATE_PRESENT, SP_NUMBER_PRESENT, SP_QUANTITY_PRESENT, SP_STRING_PRESENT, SP_TOKEN_PRESENT, SP_URI_PRESENT, RES_TYPE, RES_VER) VALUES (1796, NULL, NULL, NULL, 'R4', FALSE, '2023-05-01 15:26:12.422', '2023-05-01 15:26:12.422', FALSE, 'A71FACD8BB1828ACD8718959949D5A16BE31F2E350671C5326A8E0BB9799357E', 1, NULL, FALSE, FALSE, FALSE, FALSE, FALSE, TRUE, TRUE, TRUE, 'CONCEPTMAP', 1);
INSERT INTO HFJ_BINARY_STORAGE_BLOB (BLOB_ID, BLOB_DATA, CONTENT_TYPE, BLOB_HASH, PUBLISHED_DATE, RESOURCE_ID, BLOB_SIZE) VALUES ('QE7FP9VMEDPQTKOL9ENJXJEXBCIPTZKP2WOGWLMGDKJMKWXONGLLWBCUGDM2YH88ZXSG6V5PGDTSMQDMOXHEXBEFNOE0GIURJPOD', lo_create(1415364), 'APPLICATION/XML', 'D28743293C2FB67B72D06C80D055B66CCB58D70030E460450CD661AE2ED7225E', '2023-05-01 16:15:16.469', 'BINARY/2003', 36781);
INSERT INTO HFJ_BLK_EXPORT_JOB (PID, CREATED_TIME, EXP_TIME, JOB_ID, REQUEST, EXP_SINCE, JOB_STATUS, STATUS_MESSAGE, STATUS_TIME, OPTLOCK) VALUES (1, '2023-05-01 16:31:20.175', '2023-05-01 18:31:20.175', '077DCFC3-DDC1-4C83-BD15-82867912F79D', '/$EXPORT?_OUTPUTFORMAT=APPLICATION%2FFHIR%2BNDJSON', '2023-04-30 16:31:20.171', 'COMPLETE', NULL, '2023-05-01 16:31:36.011', 1);
INSERT INTO HFJ_BLK_EXPORT_COLLECTION (PID, TYPE_FILTER, RES_TYPE, OPTLOCK, JOB_PID) VALUES (131, NULL, 'PATIENT', 0, 1);
INSERT INTO HFJ_BLK_EXPORT_COLFILE (PID, RES_ID, COLLECTION_PID) VALUES (13, '2018', 131);
INSERT INTO HFJ_FORCED_ID (PID, PARTITION_DATE, PARTITION_ID, FORCED_ID, RESOURCE_PID, RESOURCE_TYPE) VALUES (1, NULL, NULL, 'APPOINTMENT-DATE', 4, 'SEARCHPARAMETER');
INSERT INTO HFJ_FORCED_ID (PID, PARTITION_DATE, PARTITION_ID, FORCED_ID, RESOURCE_PID, RESOURCE_TYPE) VALUES (1652, NULL, NULL, 'EMPI-PATIENT', 1803, 'SUBSCRIPTION');
INSERT INTO HFJ_FORCED_ID (PID, PARTITION_DATE, PARTITION_ID, FORCED_ID, RESOURCE_PID, RESOURCE_TYPE) VALUES (1633, NULL, NULL, 'LOINC-UNIVERSAL-ORDER-SET', 1788, 'VALUESET');
INSERT INTO HFJ_FORCED_ID (PID, PARTITION_DATE, PARTITION_ID, FORCED_ID, RESOURCE_PID, RESOURCE_TYPE) VALUES (1625, NULL, NULL, 'LOINC', 1780, 'CODESYSTEM');
INSERT INTO HFJ_FORCED_ID (PID, PARTITION_DATE, PARTITION_ID, FORCED_ID, RESOURCE_PID, RESOURCE_TYPE) VALUES (1641, NULL, NULL, 'LOINC-PARTS-TO-PUBCHEM', 1796, 'CONCEPTMAP');
INSERT INTO HFJ_RES_VER (PID, PARTITION_DATE, PARTITION_ID, RES_DELETED_AT, RES_VERSION, HAS_TAGS, RES_PUBLISHED, RES_UPDATED, RES_ENCODING, RES_TEXT, RES_ID, RES_TYPE, RES_VER) VALUES (1, NULL, NULL, NULL, 'R4', FALSE, '2023-05-01 15:22:37.199', '2023-05-01 15:22:37.199', 'JSONC', 1402207, 1, 'BINARY', 1);
INSERT INTO HFJ_RES_VER (PID, PARTITION_DATE, PARTITION_ID, RES_DELETED_AT, RES_VERSION, HAS_TAGS, RES_PUBLISHED, RES_UPDATED, RES_ENCODING, RES_TEXT, RES_ID, RES_TYPE, RES_VER) VALUES (2, NULL, NULL, NULL, 'R4', FALSE, '2023-05-01 15:22:38.041', '2023-05-01 15:22:38.041', 'JSONC', 1402208, 2, 'BINARY', 1);
INSERT INTO HFJ_RES_VER (PID, PARTITION_DATE, PARTITION_ID, RES_DELETED_AT, RES_VERSION, HAS_TAGS, RES_PUBLISHED, RES_UPDATED, RES_ENCODING, RES_TEXT, RES_ID, RES_TYPE, RES_VER) VALUES (1698, NULL, NULL, NULL, 'R4', FALSE, '2023-05-01 15:24:16.677', '2023-05-01 15:24:16.677', 'JSONC', 1407184, 1628, 'PATIENT', 1);
INSERT INTO HFJ_RES_VER (PID, PARTITION_DATE, PARTITION_ID, RES_DELETED_AT, RES_VERSION, HAS_TAGS, RES_PUBLISHED, RES_UPDATED, RES_ENCODING, RES_TEXT, RES_ID, RES_TYPE, RES_VER) VALUES (1800, NULL, NULL, NULL, 'R4', FALSE, '2023-05-01 15:34:17.768', '2023-05-01 15:34:17.768', 'JSONC', 1408666, 1800, 'ENCOUNTER', 1);
INSERT INTO HFJ_RES_VER (PID, PARTITION_DATE, PARTITION_ID, RES_DELETED_AT, RES_VERSION, HAS_TAGS, RES_PUBLISHED, RES_UPDATED, RES_ENCODING, RES_TEXT, RES_ID, RES_TYPE, RES_VER) VALUES (2003, NULL, NULL, NULL, 'R4', FALSE, '2023-05-01 16:15:16.426', '2023-05-01 16:15:16.426', 'JSONC', 1415365, 2003, 'BINARY', 1);
INSERT INTO HFJ_RES_VER (PID, PARTITION_DATE, PARTITION_ID, RES_DELETED_AT, RES_VERSION, HAS_TAGS, RES_PUBLISHED, RES_UPDATED, RES_ENCODING, RES_TEXT, RES_ID, RES_TYPE, RES_VER) VALUES (4, NULL, NULL, NULL, 'R4', FALSE, '2023-05-01 15:22:38.624', '2023-05-01 15:22:38.624', 'JSONC', 1402210, 4, 'SEARCHPARAMETER', 1);
INSERT INTO HFJ_RES_VER (PID, PARTITION_DATE, PARTITION_ID, RES_DELETED_AT, RES_VERSION, HAS_TAGS, RES_PUBLISHED, RES_UPDATED, RES_ENCODING, RES_TEXT, RES_ID, RES_TYPE, RES_VER) VALUES (1803, NULL, NULL, NULL, 'R4', TRUE, '2023-05-01 15:39:22.913', '2023-05-01 15:39:22.913', 'JSONC', 1409943, 1803, 'SUBSCRIPTION', 1);
INSERT INTO HFJ_RES_VER (PID, PARTITION_DATE, PARTITION_ID, RES_DELETED_AT, RES_VERSION, HAS_TAGS, RES_PUBLISHED, RES_UPDATED, RES_ENCODING, RES_TEXT, RES_ID, RES_TYPE, RES_VER) VALUES (1753, NULL, NULL, NULL, 'R4', FALSE, '2023-05-01 15:24:16.677', '2023-05-01 15:24:16.677', 'JSONC', 1407239, 1631, 'ENCOUNTER', 1);
INSERT INTO HFJ_RES_VER (PID, PARTITION_DATE, PARTITION_ID, RES_DELETED_AT, RES_VERSION, HAS_TAGS, RES_PUBLISHED, RES_UPDATED, RES_ENCODING, RES_TEXT, RES_ID, RES_TYPE, RES_VER) VALUES (2029, NULL, NULL, NULL, 'R4', FALSE, '2023-05-01 17:01:12.921', '2023-05-01 17:01:12.921', 'JSONC', 1415705, 2029, 'RISKASSESSMENT', 1);
INSERT INTO HFJ_RES_VER (PID, PARTITION_DATE, PARTITION_ID, RES_DELETED_AT, RES_VERSION, HAS_TAGS, RES_PUBLISHED, RES_UPDATED, RES_ENCODING, RES_TEXT, RES_ID, RES_TYPE, RES_VER) VALUES (1910, NULL, NULL, NULL, 'R4', FALSE, '2023-05-01 16:11:07.727', '2023-05-01 16:11:07.727', 'JSONC', 1414688, 1910, 'LOCATION', 1);
INSERT INTO HFJ_RES_VER (PID, PARTITION_DATE, PARTITION_ID, RES_DELETED_AT, RES_VERSION, HAS_TAGS, RES_PUBLISHED, RES_UPDATED, RES_ENCODING, RES_TEXT, RES_ID, RES_TYPE, RES_VER) VALUES (1905, NULL, NULL, NULL, 'R4', FALSE, '2023-05-01 15:54:03.963', '2023-05-01 15:54:03.963', 'JSONC', 1413281, 1905, 'PATIENT', 1);
INSERT INTO HFJ_RES_VER (PID, PARTITION_DATE, PARTITION_ID, RES_DELETED_AT, RES_VERSION, HAS_TAGS, RES_PUBLISHED, RES_UPDATED, RES_ENCODING, RES_TEXT, RES_ID, RES_TYPE, RES_VER) VALUES (1906, NULL, NULL, NULL, 'R4', FALSE, '2023-05-01 15:54:05.296', '2023-05-01 15:54:05.296', 'JSONC', 1413284, 1906, 'PATIENT', 1);
INSERT INTO HFJ_RES_VER (PID, PARTITION_DATE, PARTITION_ID, RES_DELETED_AT, RES_VERSION, HAS_TAGS, RES_PUBLISHED, RES_UPDATED, RES_ENCODING, RES_TEXT, RES_ID, RES_TYPE, RES_VER) VALUES (1780, NULL, NULL, NULL, 'R4', FALSE, '2023-05-01 15:26:08.82', '2023-05-01 15:26:08.82', 'JSONC', 1407282, 1780, 'CODESYSTEM', 1);
INSERT INTO HFJ_RES_VER (PID, PARTITION_DATE, PARTITION_ID, RES_DELETED_AT, RES_VERSION, HAS_TAGS, RES_PUBLISHED, RES_UPDATED, RES_ENCODING, RES_TEXT, RES_ID, RES_TYPE, RES_VER) VALUES (1788, NULL, NULL, NULL, 'R4', FALSE, '2023-05-01 15:26:12.178', '2023-05-01 15:26:12.178', 'JSONC', 1407374, 1788, 'VALUESET', 1);
INSERT INTO HFJ_RES_VER (PID, PARTITION_DATE, PARTITION_ID, RES_DELETED_AT, RES_VERSION, HAS_TAGS, RES_PUBLISHED, RES_UPDATED, RES_ENCODING, RES_TEXT, RES_ID, RES_TYPE, RES_VER) VALUES (1796, NULL, NULL, NULL, 'R4', FALSE, '2023-05-01 15:26:12.422', '2023-05-01 15:26:12.422', 'JSONC', 1407382, 1796, 'CONCEPTMAP', 1);
INSERT INTO HFJ_TAG_DEF (TAG_ID, TAG_CODE, TAG_DISPLAY, TAG_SYSTEM, TAG_TYPE) VALUES (1, 'HAPI-EMPI', NULL, 'HTTPS://HAPIFHIR.ORG/NAMINGSYSTEM/MANAGING-EMPI-SYSTEM', 0);
INSERT INTO HFJ_TAG_DEF (TAG_ID, TAG_CODE, TAG_DISPLAY, TAG_SYSTEM, TAG_TYPE) VALUES (2, 'IN_MEMORY', 'IN-MEMORY', 'HTTP://HAPIFHIR.IO/FHIR/STRUCTUREDEFINITION/SUBSCRIPTION-MATCHING-STRATEGY', 0);
INSERT INTO HFJ_HISTORY_TAG (PID, PARTITION_DATE, PARTITION_ID, TAG_ID, RES_VER_PID, RES_ID, RES_TYPE) VALUES (2, NULL, NULL, 1, 1803, 1803, 'SUBSCRIPTION');
INSERT INTO HFJ_IDX_CMP_STRING_UNIQ (PID, PARTITION_DATE, PARTITION_ID, IDX_STRING, RES_ID) VALUES (1, NULL, NULL, 'ENCOUNTER?SUBJECT=PATIENT%2F1628', 1631);
INSERT INTO HFJ_PARTITION (PART_ID, PART_DESC, PART_NAME) VALUES (0, 'DEFAULT PARTITION', 'DEFAULT');
INSERT INTO HFJ_RES_LINK (PID, PARTITION_DATE, PARTITION_ID, SRC_PATH, SRC_RESOURCE_ID, SOURCE_RESOURCE_TYPE, TARGET_RESOURCE_ID, TARGET_RESOURCE_TYPE, TARGET_RESOURCE_URL, SP_UPDATED) VALUES (700, NULL, NULL, 'RISKASSESSMENT.SUBJECT.WHERE(RESOLVE() IS PATIENT)', 2029, 'RISKASSESSMENT', 1628, 'PATIENT', NULL, '2023-05-01 17:01:12.921');
INSERT INTO HFJ_RES_PARAM_PRESENT (PID, PARTITION_DATE, PARTITION_ID, HASH_PRESENCE, SP_PRESENT, RES_ID) VALUES (59, NULL, NULL, 258059053311458882, FALSE, 4);
INSERT INTO HFJ_RES_REINDEX_JOB (PID, JOB_DELETED, REINDEX_COUNT, RES_TYPE, SUSPENDED_UNTIL, UPDATE_THRESHOLD_HIGH, UPDATE_THRESHOLD_LOW) VALUES (2, FALSE, NULL, NULL, NULL, '2023-05-01 17:21:20.208', NULL);
INSERT INTO HFJ_RES_TAG (PID, PARTITION_DATE, PARTITION_ID, TAG_ID, RES_ID, RES_TYPE) VALUES (1, NULL, NULL, 2, 1803, 'SUBSCRIPTION');
INSERT INTO HFJ_RES_VER_PROV (RES_VER_PID, PARTITION_DATE, PARTITION_ID, REQUEST_ID, SOURCE_URI, RES_PID) VALUES (2003, NULL, NULL, 'JPQP0AGF9EULQGBF', NULL, 2003);
INSERT INTO HFJ_SEARCH (PID, CREATED, SEARCH_DELETED, EXPIRY_OR_NULL, FAILURE_CODE, FAILURE_MESSAGE, LAST_UPDATED_HIGH, LAST_UPDATED_LOW, NUM_BLOCKED, NUM_FOUND, PREFERRED_PAGE_SIZE, RESOURCE_ID, RESOURCE_TYPE, SEARCH_PARAM_MAP, SEARCH_QUERY_STRING, SEARCH_QUERY_STRING_HASH, SEARCH_TYPE, SEARCH_STATUS, TOTAL_COUNT, SEARCH_UUID, OPTLOCK_VERSION) VALUES (52, '2023-05-01 16:52:09.149', FALSE, NULL, NULL, NULL, NULL, NULL, 0, 1, NULL, NULL, 'MEDICATIONREQUEST', NULL, '1415634', 1212873581, 1, 'FINISHED', 1, '7878637B-ECC4-4305-AA3E-DBD83ABF8B74', 1);
INSERT INTO HFJ_SEARCH_INCLUDE (PID, SEARCH_INCLUDE, INC_RECURSE, REVINCLUDE, SEARCH_PID) VALUES (1, 'MEDICATIONREQUEST:REQUESTER', FALSE, FALSE, 52);
INSERT INTO HFJ_SEARCH_RESULT (PID, SEARCH_ORDER, RESOURCE_PID, SEARCH_PID) VALUES (1, 0, 1730, 52);
INSERT INTO HFJ_SPIDX_COORDS (SP_ID, PARTITION_DATE, PARTITION_ID, SP_MISSING, SP_NAME, RES_ID, RES_TYPE, SP_UPDATED, HASH_IDENTITY, SP_LATITUDE, SP_LONGITUDE) VALUES (1, NULL, NULL, FALSE, 'NEAR', 1910, 'LOCATION', '2023-05-01 16:11:07.727', -4485701151501643365, 40, 80);
INSERT INTO HFJ_SPIDX_DATE (SP_ID, PARTITION_DATE, PARTITION_ID, SP_MISSING, SP_NAME, RES_ID, RES_TYPE, SP_UPDATED, HASH_IDENTITY, SP_VALUE_HIGH, SP_VALUE_HIGH_DATE_ORDINAL, SP_VALUE_LOW, SP_VALUE_LOW_DATE_ORDINAL) VALUES (307, NULL, NULL, TRUE, 'DATE', 4, 'SEARCHPARAMETER', NULL, -1621943171043343906, NULL, NULL, NULL, NULL);
INSERT INTO HFJ_SPIDX_NUMBER (SP_ID, PARTITION_DATE, PARTITION_ID, SP_MISSING, SP_NAME, RES_ID, RES_TYPE, SP_UPDATED, HASH_IDENTITY, SP_VALUE) VALUES (52, NULL, NULL, FALSE, 'PROBABILITY', 2029, 'RISKASSESSMENT', '2023-05-01 17:01:12.921', -6990983917964109290, 0.00);
INSERT INTO HFJ_SPIDX_QUANTITY (SP_ID, PARTITION_DATE, PARTITION_ID, SP_MISSING, SP_NAME, RES_ID, RES_TYPE, SP_UPDATED, HASH_IDENTITY, HASH_IDENTITY_AND_UNITS, HASH_IDENTITY_SYS_UNITS, SP_SYSTEM, SP_UNITS, SP_VALUE) VALUES (255, NULL, NULL, TRUE, 'CONTEXT-QUANTITY', 4, 'SEARCHPARAMETER', NULL, 6827792128454970868, -7371645208023277835, -6667842829396531841, NULL, NULL, NULL);
INSERT INTO HFJ_SPIDX_STRING (SP_ID, PARTITION_DATE, PARTITION_ID, SP_MISSING, SP_NAME, RES_ID, RES_TYPE, SP_UPDATED, HASH_EXACT, HASH_IDENTITY, HASH_NORM_PREFIX, SP_VALUE_EXACT, SP_VALUE_NORMALIZED) VALUES (1, NULL, NULL, FALSE, 'DESCRIPTION', 4, 'SEARCHPARAMETER', '2023-05-01 15:22:38.624', -2984939037050966085, -2891289766040777762, 6207609638364343311, 'APPOINTMENT DATE/TIME.', 'APPOINTMENT DATE/TIME.');
INSERT INTO HFJ_SPIDX_TOKEN (SP_ID, PARTITION_DATE, PARTITION_ID, SP_MISSING, SP_NAME, RES_ID, RES_TYPE, SP_UPDATED, HASH_IDENTITY, HASH_SYS, HASH_SYS_AND_VALUE, HASH_VALUE, SP_SYSTEM, SP_VALUE) VALUES (3, NULL, NULL, FALSE, 'TYPE', 4, 'SEARCHPARAMETER', '2023-05-01 15:22:38.624', -505122241748101416, 4662843418098322756, 1440387303491618185, -4956097025963235395, 'HTTP://HL7.ORG/FHIR/SEARCH-PARAM-TYPE', 'DATE');
INSERT INTO HFJ_SPIDX_URI (SP_ID, PARTITION_DATE, PARTITION_ID, SP_MISSING, SP_NAME, RES_ID, RES_TYPE, SP_UPDATED, HASH_IDENTITY, HASH_URI, SP_URI) VALUES (158, NULL, NULL, TRUE, 'URL', 4, 'SEARCHPARAMETER', NULL, -6027921678034716286, -5668077322898471643, NULL);
INSERT INTO HFJ_SUBSCRIPTION_STATS (PID, CREATED_TIME, RES_ID) VALUES (1, '2023-05-01 15:39:23.038', 1803);
INSERT INTO NPM_PACKAGE (PID, CUR_VERSION_ID, PACKAGE_DESC, PACKAGE_ID, UPDATED_TIME) VALUES (1, '1.0.1', NULL, 'COM.EXAMPLE.IG', '2023-05-01 15:22:37.946');
INSERT INTO NPM_PACKAGE_VER (PID, CURRENT_VERSION, PKG_DESC, DESC_UPPER, FHIR_VERSION, FHIR_VERSION_ID, PACKAGE_ID, PACKAGE_SIZE_BYTES, SAVED_TIME, UPDATED_TIME, VERSION_ID, PACKAGE_PID, BINARY_RES_ID) VALUES (1, TRUE, NULL, NULL, 'R4', '4.0.1', 'COM.EXAMPLE.IG', 370, '2023-05-01 15:22:37.957', '2023-05-01 15:22:37.959', '1.0.1', 1, 1);
INSERT INTO NPM_PACKAGE_VER_RES (PID, CANONICAL_URL, CANONICAL_VERSION, FILE_DIR, FHIR_VERSION, FHIR_VERSION_ID, FILE_NAME, RES_SIZE_BYTES, RES_TYPE, UPDATED_TIME, PACKVER_PID, BINARY_RES_ID) VALUES (1, NULL, NULL, 'PACKAGE', 'R4', '4.0.1', 'TESTPATIENT.JSON', 225, 'PATIENT', '2023-05-01 15:22:38.057', 1, 2);
INSERT INTO TRM_CODESYSTEM (PID, CODE_SYSTEM_URI, CURRENT_VERSION_PID, CS_NAME, RES_ID) VALUES (1, 'HTTP://LOINC.ORG', 54, 'LOINC', 1780);
INSERT INTO TRM_CODESYSTEM_VER (PID, CS_DISPLAY, CODESYSTEM_PID, CS_VERSION_ID, RES_ID) VALUES (54, 'LOINC', 1, NULL, 1780);
INSERT INTO TRM_CONCEPT (PID, CODEVAL, CODESYSTEM_PID, DISPLAY, INDEX_STATUS, PARENT_PIDS, CODE_SEQUENCE, CONCEPT_UPDATED) VALUES (150, 'LL1001-8', 54, 'V2.67 PHENX05_14_30D FREQ AMTS', 1, lo_create(1415721), NULL, '2023-05-01 17:02:39.139');
INSERT INTO TRM_CONCEPT (PID, CODEVAL, CODESYSTEM_PID, DISPLAY, INDEX_STATUS, PARENT_PIDS, CODE_SEQUENCE, CONCEPT_UPDATED) VALUES (151, 'LA13892-7', 54, 'V2.67 MORE THAN 2 SLICES OR 2 DINNER ROLLS', 1, lo_create(1415722), 3, '2023-05-01 17:02:39.14');
INSERT INTO TRM_CONCEPT_DESIG (PID, LANG, USE_CODE, USE_DISPLAY, USE_SYSTEM, VAL, CS_VER_PID, CONCEPT_PID) VALUES (105, 'NL', '900000000000013009', 'SYNONYM', 'HTTP://SNOMED.INFO/SCT', 'SYSTOLISCHE BLOEDDRUK - EXPIRATIE', 54, 150);
INSERT INTO TRM_CONCEPT_MAP (PID, RES_ID, SOURCE_URL, TARGET_URL, URL) VALUES (54, 1796, NULL, NULL, 'HTTP://LOINC.ORG/CM/LOINC-PARTS-TO-PUBCHEM');
INSERT INTO TRM_CONCEPT_MAP_GROUP (PID, CONCEPT_MAP_URL, SOURCE_URL, SOURCE_VS, SOURCE_VERSION, TARGET_URL, TARGET_VS, TARGET_VERSION, CONCEPT_MAP_PID) VALUES (54, NULL, 'HTTP://LOINC.ORG', NULL, NULL, 'HTTP://PUBCHEM.NCBI.NLM.NIH.GOV', NULL, NULL, 54);
INSERT INTO TRM_CONCEPT_MAP_GRP_ELEMENT (PID, SOURCE_CODE, CONCEPT_MAP_URL, SOURCE_DISPLAY, SYSTEM_URL, SYSTEM_VERSION, VALUESET_URL, CONCEPT_MAP_GROUP_PID) VALUES (60, 'LP15842-5', NULL, 'PYRIDOXINE', NULL, NULL, NULL, 54);
INSERT INTO TRM_CONCEPT_MAP_GRP_ELM_TGT (PID, TARGET_CODE, CONCEPT_MAP_URL, TARGET_DISPLAY, TARGET_EQUIVALENCE, SYSTEM_URL, SYSTEM_VERSION, VALUESET_URL, CONCEPT_MAP_GRP_ELM_PID) VALUES (60, '1054', NULL, 'PYRIDOXINE', 'EQUAL', NULL, NULL, NULL, 60);
INSERT INTO TRM_CONCEPT_PC_LINK (PID, CHILD_PID, CODESYSTEM_PID, PARENT_PID, REL_TYPE) VALUES (54, 150, 54, 151, 0);
INSERT INTO TRM_CONCEPT_PROPERTY (PID, PROP_CODESYSTEM, PROP_DISPLAY, PROP_KEY, PROP_TYPE, PROP_VAL, PROP_VAL_LOB, CS_VER_PID, CONCEPT_PID) VALUES (152, NULL, NULL, 'CLASSTYPE', 0, '2', NULL, 54, 150);
INSERT INTO TRM_CONCEPT_PROPERTY (PID, PROP_CODESYSTEM, PROP_DISPLAY, PROP_KEY, PROP_TYPE, PROP_VAL, PROP_VAL_LOB, CS_VER_PID, CONCEPT_PID) VALUES (153, NULL, NULL, 'CLASSTYPE', 0, NULL, lo_create(1415723), 54, 150);
INSERT INTO TRM_VALUESET (PID, EXPANSION_STATUS, VSNAME, RES_ID, TOTAL_CONCEPT_DESIGNATIONS, TOTAL_CONCEPTS, URL) VALUES (59, 'EXPANDED', 'LOINC UNIVERSAL ORDER SET', 1788, 0, 0, 'HTTP://LOINC.ORG/VS/LOINC-UNIVERSAL-ORDER-SET');
INSERT INTO TRM_VALUESET_CONCEPT (PID, CODEVAL, DISPLAY, VALUESET_ORDER, SYSTEM_URL, VALUESET_PID) VALUES (176, 'LA13892-7', 'V2.67 MORE THAN 2 SLICES OR 2 DINNER ROLLS', 0, 'HTTP://LOINC.ORG', 59);
INSERT INTO TRM_VALUESET_C_DESIGNATION (PID, VALUESET_CONCEPT_PID, LANG, USE_CODE, USE_DISPLAY, USE_SYSTEM, VAL, VALUESET_PID) VALUES (4, 176, NULL, NULL, NULL, NULL, 'NM THYROID STUDY REPORT', 59);
